17,-1,7Ez0wdvQGfhiLhC1vovIsgDx2cc=,7YjROLhstrtnFhXqX0RWwwkJtus=
16,-2,7Ez0wdvQGfhiLhC1vovIsgDx2cc=,7YjROLhstrtnFhXqX0RWwwkJtus=
16,-1,7Ez0wdvQGfhiLhC1vovIsgDx2cc=,7YjROLhstrtnFhXqX0RWwwkJtus=
15,-1,wpqocq2gBPHwEpYDY9YdMsq15W4=,7YjROLhstrtnFhXqX0RWwwkJtus=
15,-2,wpqocq2gBPHwEpYDY9YdMsq15W4=,7YjROLhstrtnFhXqX0RWwwkJtus=
14,-1,wpqocq2gBPHwEpYDY9YdMsq15W4=,7YjROLhstrtnFhXqX0RWwwkJtus=
13,-3,wpqocq2gBPHwEpYDY9YdMsq15W4=,7YjROLhstrtnFhXqX0RWwwkJtus=
13,-1,wpqocq2gBPHwEpYDY9YdMsq15W4=,7YjROLhstrtnFhXqX0RWwwkJtus=
13,-2,wpqocq2gBPHwEpYDY9YdMsq15W4=,7YjROLhstrtnFhXqX0RWwwkJtus=
12,-3,wpqocq2gBPHwEpYDY9YdMsq15W4=,7YjROLhstrtnFhXqX0RWwwkJtus=
12,-2,wpqocq2gBPHwEpYDY9YdMsq15W4=,7YjROLhstrtnFhXqX0RWwwkJtus=
12,-1,wpqocq2gBPHwEpYDY9YdMsq15W4=,7YjROLhstrtnFhXqX0RWwwkJtus=
11,-1,wpqocq2gBPHwEpYDY9YdMsq15W4=,7YjROLhstrtnFhXqX0RWwwkJtus=
11,-2,wpqocq2gBPHwEpYDY9YdMsq15W4=,7YjROLhstrtnFhXqX0RWwwkJtus=
11,-3,wpqocq2gBPHwEpYDY9YdMsq15W4=,7YjROLhstrtnFhXqX0RWwwkJtus=
10,-2,wpqocq2gBPHwEpYDY9YdMsq15W4=,7YjROLhstrtnFhXqX0RWwwkJtus=
10,-1,wpqocq2gBPHwEpYDY9YdMsq15W4=,7YjROLhstrtnFhXqX0RWwwkJtus=
10,-3,wpqocq2gBPHwEpYDY9YdMsq15W4=,7YjROLhstrtnFhXqX0RWwwkJtus=
10,-12,wpqocq2gBPHwEpYDY9YdMsq15W4=,LYexpJdQ2D1+khSncyIGpo+zQwM=
9,-3,wpqocq2gBPHwEpYDY9YdMsq15W4=,7YjROLhstrtnFhXqX0RWwwkJtus=
9,-1,wpqocq2gBPHwEpYDY9YdMsq15W4=,7YjROLhstrtnFhXqX0RWwwkJtus=
9,-2,wpqocq2gBPHwEpYDY9YdMsq15W4=,7YjROLhstrtnFhXqX0RWwwkJtus=
8,-3,wpqocq2gBPHwEpYDY9YdMsq15W4=,7YjROLhstrtnFhXqX0RWwwkJtus=
8,-2,wpqocq2gBPHwEpYDY9YdMsq15W4=,7YjROLhstrtnFhXqX0RWwwkJtus=
7,-2,wpqocq2gBPHwEpYDY9YdMsq15W4=,kC4k1DnmPf57BewxmK/M0axu6wA=
7,-3,wpqocq2gBPHwEpYDY9YdMsq15W4=,kC4k1DnmPf57BewxmK/M0axu6wA=
6,-2,wpqocq2gBPHwEpYDY9YdMsq15W4=,kC4k1DnmPf57BewxmK/M0axu6wA=
6,-3,wpqocq2gBPHwEpYDY9YdMsq15W4=,kC4k1DnmPf57BewxmK/M0axu6wA=
5,-3,wpqocq2gBPHwEpYDY9YdMsq15W4=,kC4k1DnmPf57BewxmK/M0axu6wA=
5,-2,wpqocq2gBPHwEpYDY9YdMsq15W4=,kC4k1DnmPf57BewxmK/M0axu6wA=
4,-3,wpqocq2gBPHwEpYDY9YdMsq15W4=,kC4k1DnmPf57BewxmK/M0axu6wA=
4,-2,wpqocq2gBPHwEpYDY9YdMsq15W4=,kC4k1DnmPf57BewxmK/M0axu6wA=
3,-1,wpqocq2gBPHwEpYDY9YdMsq15W4=,kC4k1DnmPf57BewxmK/M0axu6wA=
3,-2,wpqocq2gBPHwEpYDY9YdMsq15W4=,kC4k1DnmPf57BewxmK/M0axu6wA=
3,-3,wpqocq2gBPHwEpYDY9YdMsq15W4=,kC4k1DnmPf57BewxmK/M0axu6wA=
2,-2,wpqocq2gBPHwEpYDY9YdMsq15W4=,kC4k1DnmPf57BewxmK/M0axu6wA=
2,-1,wpqocq2gBPHwEpYDY9YdMsq15W4=,kC4k1DnmPf57BewxmK/M0axu6wA=
2,-3,xRn/TLRsJs4xuVpEVsun3oIlP1w=,kC4k1DnmPf57BewxmK/M0axu6wA=
1,-5,xRn/TLRsJs4xuVpEVsun3oIlP1w=,kC4k1DnmPf57BewxmK/M0axu6wA=
1,-3,xRn/TLRsJs4xuVpEVsun3oIlP1w=,kC4k1DnmPf57BewxmK/M0axu6wA=
1,-4,xRn/TLRsJs4xuVpEVsun3oIlP1w=,kC4k1DnmPf57BewxmK/M0axu6wA=
1,-1,xRn/TLRsJs4xuVpEVsun3oIlP1w=,kC4k1DnmPf57BewxmK/M0axu6wA=
1,-2,xRn/TLRsJs4xuVpEVsun3oIlP1w=,kC4k1DnmPf57BewxmK/M0axu6wA=
0,-5,xRn/TLRsJs4xuVpEVsun3oIlP1w=,kC4k1DnmPf57BewxmK/M0axu6wA=
0,-4,xRn/TLRsJs4xuVpEVsun3oIlP1w=,kC4k1DnmPf57BewxmK/M0axu6wA=
0,-3,xRn/TLRsJs4xuVpEVsun3oIlP1w=,kC4k1DnmPf57BewxmK/M0axu6wA=
0,-2,xRn/TLRsJs4xuVpEVsun3oIlP1w=,kC4k1DnmPf57BewxmK/M0axu6wA=
0,-1,xRn/TLRsJs4xuVpEVsun3oIlP1w=,kC4k1DnmPf57BewxmK/M0axu6wA=
